{"schemaVersion":"1.0","appDefinitionTemplate":{"id":"/providers/Microsoft.PowerApps/apps/","type":"Microsoft.PowerApps/apps","tags":{"primaryDeviceWidth":"1366","primaryDeviceHeight":"768","sienaVersion":"20200608T202154Z-3.20053.24.0","deviceCapabilities":"","supportsPortrait":"false","supportsLandscape":"true","primaryFormFactor":"Tablet","publisherVersion":"3.20053.24","minimumRequiredApiVersion":"2.2.0","hasComponent":"true","hasNonOOBComponent":"true","hasUnlockedComponent":"true","isUnifiedRootApp":"false"},"properties":{"appVersion":"2020-06-08T20:21:54Z","lifeCycleId":"Published","createdByClientVersion":{"major":3,"minor":20053,"build":24,"revision":0,"majorRevision":0,"minorRevision":0},"minClientVersion":{"major":3,"minor":20053,"build":24,"revision":0,"majorRevision":0,"minorRevision":0},"backgroundColor":"rgba(0, 176, 240, 1)","backgroundImageUri":"/11687504771963132527/N1c50b893-6c90-40f2-a2bf-ff4f59105141-logoSmallFile","displayName":"Office UI Fabric Icon Generator","description":"","commitMessage":"","appUris":{"documentUri":{"value":"/11687504771963132527/N5ba1315c-b91a-4855-ba65-6f613447d2ff-document.msapp","readonlyValue":"/11687504771963132527/N5ba1315c-b91a-4855-ba65-6f613447d2ff-document.msapp"},"imageUris":[]},"createdTime":"0001-01-01T00:00:00Z","lastModifiedTime":"0001-01-01T00:00:00Z","sharedGroupsCount":0,"sharedUsersCount":0,"icons":{"smallIconUri":"/11687504771963132527/N7654492b-aa4b-4f7f-b933-1bd28b623d6b-small.png","mediumIconUri":"/11687504771963132527/N67ea46ba-ddb4-4a63-85f4-c7a63505c5bd-medium.png","largeIconUri":"/11687504771963132527/N568dea66-9c70-4d95-a3d5-8bac6b51d0e1-large.png","wideIconUri":"/11687504771963132527/Nf03e2f24-ae7c-4cc7-a7e0-5ab7fea019b0-wide.png"},"connectionReferences":{},"databaseReferences":{},"almMode":"Environment","performanceOptimizationEnabled":false,"canConsumeAppPass":true},"isAppComponentLibrary":false,"appType":"ClassicCanvasApp","appComponents":[]}}