{"schemaVersion":"1.0","appDefinitionTemplate":{"id":"/providers/Microsoft.PowerApps/apps/","type":"Microsoft.PowerApps/apps","tags":{"primaryDeviceWidth":"1040","primaryDeviceHeight":"640","sienaVersion":"20220313T150553Z-3.22021.27.0","deviceCapabilities":"","supportsPortrait":"false","supportsLandscape":"true","primaryFormFactor":"Tablet","publisherVersion":"3.22021.27","minimumRequiredApiVersion":"2.2.0","hasComponent":"true","hasNonOOBComponent":"true","hasUnlockedComponent":"true","isUnifiedRootApp":"false"},"properties":{"appVersion":"2022-03-13T15:05:53Z","lifeCycleId":"Published","createdByClientVersion":{"major":3,"minor":22021,"build":27,"revision":0,"majorRevision":0,"minorRevision":0},"minClientVersion":{"major":3,"minor":22021,"build":27,"revision":0,"majorRevision":0,"minorRevision":0},"backgroundColor":"rgba(0, 176, 240, 1)","backgroundImageUri":"/11687504771963132527/N530845fe-56c8-4c13-83c1-aa5ed3da8f63-logoSmallFile","displayName":"Office UI Fabric Icon Generator","description":"","commitMessage":"","appUris":{"documentUri":{"value":"/11687504771963132527/N2d82f9fe-f0df-485b-8554-f668842c9b01-document.msapp"},"imageUris":[]},"createdTime":"0001-01-01T00:00:00Z","lastModifiedTime":"0001-01-01T00:00:00Z","sharedGroupsCount":0,"sharedUsersCount":0,"icons":{"smallIconUri":"/11687504771963132527/N37cb183b-658b-46b3-bec0-c100e1dade73-small.png","mediumIconUri":"/11687504771963132527/N9226217e-2740-4081-90e7-41c11e7f8ba8-medium.png","largeIconUri":"/11687504771963132527/N07c79abc-e5cc-474e-b50c-ed96bdf3d77f-large.png","wideIconUri":"/11687504771963132527/Na782c3f6-1ea2-4902-9a72-614d65cab71d-wide.png"},"connectionReferences":{},"databaseReferences":{},"almMode":"Environment","performanceOptimizationEnabled":false,"canConsumeAppPass":true,"executionRestrictions":{"isTeamsOnly":false,"dataLossPreventionEvaluationResult":{"status":"Compliant","lastEvaluationDate":"2020-10-28T01:35:17.3646753Z","violationDetails":[]}}},"appType":"ClassicCanvasApp","appComponents":[]}}