{"schemaVersion":"1.0","appDefinitionTemplate":{"id":"/providers/Microsoft.PowerApps/apps/","type":"Microsoft.PowerApps/apps","tags":{"primaryDeviceWidth":"1136","primaryDeviceHeight":"640","sienaVersion":"20200331T162324Z-3.20023.6.0","deviceCapabilities":"","supportsPortrait":"false","supportsLandscape":"true","primaryFormFactor":"Phone","publisherVersion":"3.20023.6","minimumRequiredApiVersion":"2.2.0","hasComponent":"false","hasUnlockedComponent":"false"},"properties":{"appVersion":"2020-03-31T16:23:24Z","lifeCycleId":"Published","createdByClientVersion":{"major":3,"minor":20023,"build":6,"revision":0,"majorRevision":0,"minorRevision":0},"minClientVersion":{"major":3,"minor":20023,"build":6,"revision":0,"majorRevision":0,"minorRevision":0},"backgroundColor":"rgba(0, 176, 240, 1)","backgroundImageUri":"/4166246951490811988/Nf20a6f0e-a640-43e1-a501-144f0c90add0-logoSmallFile","displayName":"Jeu Simon","description":"","commitMessage":"","appUris":{"documentUri":{"value":"/4166246951490811988/N3fc6f8f9-b358-4535-a718-09c9793fbcd5-document.msapp","readonlyValue":"/4166246951490811988/N3fc6f8f9-b358-4535-a718-09c9793fbcd5-document.msapp"},"imageUris":[]},"createdTime":"0001-01-01T00:00:00Z","lastModifiedTime":"0001-01-01T00:00:00Z","sharedGroupsCount":0,"sharedUsersCount":0,"icons":{"smallIconUri":"/4166246951490811988/N20c29b66-0489-47c0-a93b-5b2d139db621-small.png","mediumIconUri":"/4166246951490811988/Neafa050e-cd45-4ff0-8645-c77662c2731a-medium.png","largeIconUri":"/4166246951490811988/N1150ae31-ff27-46b9-8475-ba2732b32127-large.png","wideIconUri":"/4166246951490811988/N3ac5750e-a465-4438-9b6b-aa806acf333f-wide.png"},"connectionReferences":{},"databaseReferences":{},"almMode":"Environment","performanceOptimizationEnabled":false,"canConsumeAppPass":true},"isAppComponentLibrary":false,"appType":"ClassicCanvasApp","appComponents":[]}}