{"schemaVersion":"1.0","appDefinitionTemplate":{"id":"/providers/Microsoft.PowerApps/apps/","type":"Microsoft.PowerApps/apps","tags":{"primaryDeviceWidth":"1366","primaryDeviceHeight":"768","supportsPortrait":"true","supportsLandscape":"true","primaryFormFactor":"Tablet","showStatusBar":"false","publisherVersion":"3.24063.22","minimumRequiredApiVersion":"2.2.0","hasComponent":"true","hasUnlockedComponent":"true","isUnifiedRootApp":"false","offlineLargeFilesSupport":"false","sienaVersion":"20240625T085338Z-3.24063.22.0"},"properties":{"appVersion":"2024-06-25T08:53:38Z","lifeCycleId":"Published","createdByClientVersion":{"major":3,"minor":24063,"build":22,"revision":0,"majorRevision":0,"minorRevision":0},"minClientVersion":{"major":3,"minor":24063,"build":22,"revision":0,"majorRevision":0,"minorRevision":0},"backgroundColor":"RGBA(0,176,240,1)","backgroundImageUri":"/11088145234034442719/N85305c63-3280-4812-ac11-b2a8b419861c-logoSmallFile","displayName":"BubbleHelper","description":"","commitMessage":"","appUris":{"documentUri":{"value":"/11088145234034442719/N28daac08-190f-42c2-be1c-b1a83d63c648-document.msapp"},"imageUris":[],"additionalUris":[{"isSolutionAware":false,"value":"/11088145234034442719/Necc23f39-12e2-4fe2-8334-91588f60ecda-identity.json"}]},"createdTime":"0001-01-01T00:00:00Z","lastModifiedTime":"0001-01-01T00:00:00Z","sharedGroupsCount":0,"sharedUsersCount":0,"connectionReferences":{},"databaseReferences":{},"almMode":"Environment","performanceOptimizationEnabled":true,"canConsumeAppPass":true,"enableModernRuntimeMode":false,"executionRestrictions":{"isTeamsOnly":false,"dataLossPreventionEvaluationResult":{"status":"Compliant","lastEvaluationDate":"2023-12-24T14:39:14.3064373Z","violations":[],"violationsByPolicy":[],"violationErrorMessage":"L’application utilise les connecteurs suivants : ."}}},"appType":"ClassicCanvasApp","appComponents":[]}}