{"schemaVersion":"1.0","appDefinitionTemplate":{"id":"/providers/Microsoft.PowerApps/apps/","type":"Microsoft.PowerApps/apps","tags":{"primaryDeviceWidth":"1366","primaryDeviceHeight":"768","sienaVersion":"20200412T221322Z-3.20023.8.0","deviceCapabilities":"","supportsPortrait":"false","supportsLandscape":"true","primaryFormFactor":"Tablet","publisherVersion":"3.20023.8","minimumRequiredApiVersion":"2.2.0","hasComponent":"false","hasUnlockedComponent":"false"},"properties":{"appVersion":"2020-04-12T22:13:22Z","lifeCycleId":"Published","createdByClientVersion":{"major":3,"minor":20023,"build":8,"revision":0,"majorRevision":0,"minorRevision":0},"minClientVersion":{"major":3,"minor":20023,"build":8,"revision":0,"majorRevision":0,"minorRevision":0},"backgroundColor":"rgba(0, 176, 240, 1)","backgroundImageUri":"/10714498793434817794/N8aee9009-32ee-4e84-8834-bb801c368ee7-logoSmallFile","displayName":"Font Char Width Builder","description":"","commitMessage":"","appUris":{"documentUri":{"value":"/10714498793434817794/Nfd119e4f-4be1-44b5-bde4-ba9c7a3fe182-document.msapp"},"imageUris":[]},"createdTime":"0001-01-01T00:00:00Z","lastModifiedTime":"0001-01-01T00:00:00Z","sharedGroupsCount":0,"sharedUsersCount":0,"icons":{"smallIconUri":"/10714498793434817794/N0fd0f321-a017-40b0-85ec-674dfd22b7ec-small.png","mediumIconUri":"/10714498793434817794/Nf49ec5dc-1b0e-4811-924b-a0cf6a9c807d-medium.png","largeIconUri":"/10714498793434817794/Nb9456ceb-9e0a-4821-a3a5-bfac2ae96818-large.png","wideIconUri":"/10714498793434817794/N0461490a-293d-4a21-8b1d-40804953e6c8-wide.png"},"connectionReferences":{},"databaseReferences":{},"almMode":"Environment","performanceOptimizationEnabled":false,"canConsumeAppPass":true,"executionRestrictions":{"isTeamsOnly":false,"dataLossPreventionEvaluationResult":{"status":"Compliant","lastEvaluationDate":"2020-10-28T01:35:15.2231845Z","violationDetails":[]}}},"isAppComponentLibrary":false,"appType":"ClassicCanvasApp","appComponents":[]}}