{"schemaVersion":"1.0","appDefinitionTemplate":{"id":"/providers/Microsoft.PowerApps/apps/","type":"Microsoft.PowerApps/apps","tags":{"primaryDeviceWidth":"1366","primaryDeviceHeight":"768","sienaVersion":"20201030T141957Z-3.20102.16.0","deviceCapabilities":"","supportsPortrait":"false","supportsLandscape":"true","primaryFormFactor":"Tablet","publisherVersion":"3.20102.16","minimumRequiredApiVersion":"2.2.0","hasComponent":"true","hasUnlockedComponent":"true","isUnifiedRootApp":"false"},"properties":{"appVersion":"2020-10-30T14:24:36Z","lifeCycleId":"Published","createdByClientVersion":{"major":3,"minor":20102,"build":16,"revision":0,"majorRevision":0,"minorRevision":0},"minClientVersion":{"major":3,"minor":20102,"build":16,"revision":0,"majorRevision":0,"minorRevision":0},"backgroundColor":"rgba(0, 176, 240, 1)","backgroundImageUri":"/2541938682881224307/N0911b711-858a-4105-b83e-c8d5c46af0a9-Nc437397d-456f-46ab-9860-7e75e7dc57e5-logoSmallFile","displayName":"SimpleThemeApp","description":"","commitMessage":"","appUris":{"documentUri":{"value":"/2541938682881224307/Nf830db78-58f4-410d-9db7-2925cd23a544-N10819c3e-3be0-489d-ab10-2df3a67eec51-document.msapp"},"imageUris":[]},"createdTime":"0001-01-01T00:00:00Z","lastModifiedTime":"0001-01-01T00:00:00Z","sharedGroupsCount":0,"sharedUsersCount":0,"icons":{"smallIconUri":"/2541938682881224307/N61af7f55-9d5a-4efb-a8c6-0d8806d44897-N14ba520b-45b0-4f28-a876-8275670e4bde-small.png","mediumIconUri":"/2541938682881224307/N54dd8fe4-fbd1-4d5d-9dc0-97419df18cdb-Nc4dfdf66-c644-4e16-ab3b-08f8d2435d0c-medium.png","largeIconUri":"/2541938682881224307/N15b47201-bee9-4bad-a63c-011e583bbf31-Nd918510a-af42-4fed-8771-b4b4dc5da81b-large.png","wideIconUri":"/2541938682881224307/Nb5f5cb81-c6d9-46b8-8705-596c21ad0bb4-Nceb6a5a6-c2a0-4eb7-aebb-ffe2110f6108-wide.png"},"connectionReferences":{},"databaseReferences":{},"almMode":"Environment","performanceOptimizationEnabled":true,"canConsumeAppPass":true,"executionRestrictions":{"isTeamsOnly":false,"dataLossPreventionEvaluationResult":{"status":"Compliant","lastEvaluationDate":"2020-10-29T11:59:24.5652038Z","violationDetails":[]}}},"isAppComponentLibrary":false,"appType":"ClassicCanvasApp","appComponents":[]}}