{"__Version":"0.1","App":"aa5736df-da3f-44c9-a4c4-5ce146fcdcbc","Test_7F478737223C4B69":"68e0626a-c752-46a7-bdfb-2098105bb787","Host":"e38c75d3-079f-472b-b1e9-8814d27731a6","EasingAnimation":"4769c5f0-99d2-41d6-99b2-57300c3d8eeb","layContent_EA":"34d005b7-ceae-44cf-a479-931509abd022","layPreviewAnimationTypeAndDebug_EA":"9015136b-561c-4743-8412-583b84016444","cbxPreviewAnimationType_EA":"e1725d6b-82cf-4c6e-a033-a901a7056029","togDebug_EA":"fc377783-f110-4b82-a5c1-6c2f12eaa504","layDebug_EA":"a4ad15b0-1ca7-4205-951c-490c19751c88","lblDebug_EA":"52c9fc97-2bba-451a-a805-e364a5b6e284","cbxDebugAnimation_EA":"f399530a-94b3-4200-8dff-9505afcd6dc1","layDebugStepper1_EA":"253ea586-bc63-43a1-b607-cae8042b46ec","timStepper1_EA":"2baeadab-0d6b-4421-a3a8-afacbb1e16f8","togStart1_EA":"49e70722-a4f1-41e7-aa68-1e768911c5ca","togReset1_EA":"8d118e19-8ec7-4868-bd92-5d149e59fa79","layDebugStepper2_EA":"87dd9f14-0671-46b1-b9e8-e1227b2349b7","timStepper2_EA":"909f9340-bd73-43bc-934c-087c32dbee3a","togStart2_EA":"311eca59-e018-47e8-87f0-57e6572668fa","togReset2_EA":"abe5db31-ba31-422e-bcc1-737a32e40077","layDebugStepper3_EA":"bb1a9cb1-2e9a-4196-9af7-ddbfe0f983c0","timStepper3_EA":"7ba016b3-01aa-470e-98cd-52d4ae726353","togStart3_EA":"6452c741-4b19-44a6-95c5-5a38509b76f3","togReset3_EA":"b0446513-31b2-4359-aef0-1cabb393472a","layDebugVars_EA":"ffd58e55-4ee2-4e20-8fec-3a3b29da6b1e","layDebugVarsLeft_EA":"d48e983f-5dd0-472d-b15f-d7c20bdabda1","lblDebugLocStart_EA":"bee4a1f4-ba88-4ff8-a1f2-c42f9cf952e4","lblDebugRepeat_EA":"d4d563ec-7e7a-4361-989e-bffe81a9fe81","lblDebugSteps_EA":"61b41776-c53c-4026-863e-b757bc66bb9b","layDebugVarsRight_EA":"090cc365-98ad-44e2-83ec-fd7f0c320f37","lblDebugi_EA":"0560efb7-e780-4836-8ab6-9c4bebd1e157","lblDebugx_EA":"4abd8919-e879-4ab6-9992-b9eecaeccc15","lblDebugt_EA":"344f133f-8ddc-45f0-bcc8-e1594ca2b84b","lblDebugValue_EA":"42410216-df24-4ed4-b733-122e814fd02d","layPreviewStepsAndStepWait_EA":"301d195c-f387-466e-ab0d-86b54623c523","layPreviewSteps_EA":"ae944ca6-4947-4968-ac5c-06a924634ad8","lblPreviewSteps_EA":"8d6216ea-ca9d-4355-8962-155fd4938d8f","txtPreviewSteps_EA":"2e52b10b-6bd4-4d94-a5c3-859d4e4ddcb6","layPreviewStepWait_EA":"372a3999-80b5-4b80-af23-337aa2a59c50","lblPreviewStepWait_EA":"3715c520-c5a1-401a-95a9-8eeaa6725a10","txtPreviewStepWait_EA":"0e1496f1-99a7-4bfe-952a-74a55e965a6f","ctrPreview_EA":"250ecf99-be69-4d12-960a-4e310d03c262","imgPreviewGraph_EA":"55632a07-2a77-40b9-953c-25b1adc232cc","timPreviewStepper_EA":"f2cab08c-abc2-47d5-8dd4-5dfe283b5d09","imgStartPreview_EA":"67831e00-9744-4a1a-a584-cd75526c5b3c","cirPreviewDot_EA":"35ee1d21-12a5-4ebd-a546-a7a033826d65","ControlAnimatorV2Demo":"e286372b-e747-4b36-be0e-cab3bc53735a","imgGraph_CAV2D":"fa24016d-eadb-4dd0-a5f8-df19fd7cc4e4","lblTestCircleLeftMargin_CAV2D":"8c850be2-064c-42f6-861f-eb48d8a21d71","cirTestCircle_CAV2D":"0d3ff0db-d379-4985-8c37-56fc10954da3","Demo":"7f41e66a-b0ff-47fa-a667-a85962c17924","cmpEasingAnimation_DEMO":"5cb90817-4351-465f-8ca6-d1feb9b2fa36","layMain_DEMO":"03ec28bb-4147-4424-a1a2-54a5be379144","layHeader_DEMO":"f74ab199-992d-4342-a9e4-ac5d712a7de7","lblHeader_DEMO":"8953665f-9fb9-49d2-ade8-5d428b6acef3","htmAuthor_DEMO":"ef8820f2-a6d6-4edc-b555-c110854ffe75","layAnimations_DEMO":"8b18b619-0f25-48d5-8203-5f8d26d77260","galAnimations_DEMO":"4d1e4ff0-b7bf-4397-93e6-4db5355f8aff","galleryTemplate2":"8cc5e8de-17d5-4ed1-8d13-058513a81b53","imgAnimation_DEMO":"2235b7db-854a-4db8-8f97-1d4305addc77","lblSelectAnimation_DEMO":"1a082b92-787f-4eca-8f06-007bcfe3b163","lblAnimationName_DEMO":"995eb5d4-889a-434e-995c-c21a4cdffdd8","timStartPreviewAnimation_DEMO":"b9d58aea-546d-4731-9883-4fcf27116123","ctrPreview_DEMO":"e0e75d8b-07b4-4463-947d-8ede1f53dbe7","lblClosePreview_DEMO":"ba84b82a-dfb8-4b8c-ac2f-876bf91acabd","icoClosePreview_DEMO":"bd38d8c5-c339-4ed2-b0e4-62996f9c9ae2","layPreviewPopup_DEMO":"27ff44a7-0045-40a5-b5d5-3493d2cc8719","lblPreviewAnimationName_DEMO":"57cb7ece-765c-42d6-91b8-888d91985ecb","layPreviewContent_DEMO":"0d0581e4-68ff-4584-88fb-a94dbf473832","layPreviewParameters_DEMO":"365e5f84-06dc-424d-9a58-c4daf0cafcac","lblSteps_DEMO":"46d70a25-3174-4adb-ab00-9f8bbf28c1f2","laySteps_DEMO":"6501e765-9403-41b4-a6dd-5fdb93636e83","sliSteps_DEMO":"46b62347-3da8-4016-acd1-5d1d31c21e75","txtSteps_DEMO":"84aa7b57-70b5-4bbc-9d4e-26cc62262fc9","lblParametersSpace1_DEMO":"17f2a9b3-486b-4220-8ca1-f89b1cfcffc8","lblWaitTime_DEMO":"03399eab-ef2d-41c9-81ee-c87eb9c900f7","layWaitTime_DEMO":"42bf086e-13ec-45fe-8e8a-a351d631a2e3","txtWaitTime_DEMO":"d3673f44-4e37-42b2-9077-3619ad3506e3","lblWaitTimeUnit_DEMO":"16367e78-0d8b-4e8d-8430-10bf17a8fdca","imgStartAnimation_DEMO":"d2169910-7ab6-47a2-88de-ad2e2858baa2","togPowerAppsSample_DEMO":"b37d0829-4927-495f-b6d0-04fd8e6e12d2","ctrPowerAppsSample_DEMO":"de31189d-986f-4f19-9243-59de68c41fbf","layPASamplePopup_DEMO":"b6f7d52c-104f-4a7e-aca9-bcda43355bc1","layPASamplePopupTitle_DEMO":"2fc69521-2a16-48bf-8f05-07b0a4d78a66","lblSamplePopup_DEMO":"093a2354-eed0-45a3-a696-fef2605f7576","lblShowCode_DEMO":"79a72633-a643-4eae-ac13-bc237f413c84","ctrPASampleScreenArea_DEMO":"7ab8e9ab-8edc-499b-8fc6-10c0d2f39b4c","lblPopupApplicationScreen_DEMO":"b3b8a130-eb0a-4444-a466-808cb53d8411","laySamplePopupHowTo_DEMO":"3f9472c2-11e8-426c-9881-89eafce65c57","laySamplePopupHowToTitle_DEMO":"2f15288b-6665-4ff8-9315-86114cbed78b","lblPopupHowToTitle_DEMO":"7d2171c9-0bcc-47b3-88f2-a13e86a4bd8b","icoClosePopupHowTo_DEMO":"e2283a0d-d6e5-43ae-8d18-966385e857a5","icoPopupHowToTitleSeparator_DEMO":"68c3436c-9757-4235-9b7d-716b11a62ecb","lblPopupHowToTitleSeparator_DEMO":"fb2c9852-c07e-4e7c-9251-5a9729478218","lblPopupEasingAnimationSettings_DEMO":"ebf1db3d-669e-484d-80d6-a2703d4f2d47","lblPopupEasingAnimationSettingsCode_DEMO":"0894986a-9456-43d5-becc-dd1ccd8a3c7b","lblPopupEasingPropertiesSeparator_DEMO":"f36ce102-1d44-41d4-a590-819396f52d4f","lblPopupPopupX_DEMO":"579e858f-4cf8-4a7f-a22d-20127a8a8071","lblPopupPopupXCode_DEMO":"6dc6f2f6-da5a-492c-9347-58980b6ac4b2","lblPopupPopupPropertiesSeparator_DEMO":"f422e0b5-0b46-45be-90cc-9e95b14e71ac","lblPopupPopupContainter_DEMO":"7f9612e7-e7ef-44c1-a588-8034e9392da1","btnSamplePopupSelectPopupTitle_DEMO":"7389d461-f345-46e1-94d1-bd35e0d52e0e","lblSamplePopupPopupContainerName_DEMO":"7a02752b-b9f2-4a65-bce5-d67c9faa88c4","layPASamplePopupContent_DEMO":"05ad864d-0ac4-4ab7-a79a-7e5d3f892815","lblPASamplePopup_DEMO":"ac7396f8-c9d6-4618-942d-84b79aa6d811","ctrPASamplePopupButtons_DEMO":"1c2036f2-3a99-423d-9425-35c3d308be94","btnPASamplePopupNo_DEMO":"ca543473-a690-4840-80df-a58dfc758570","btnPASamplePopupYes_DEMO":"23cb7169-64a6-4fa0-8248-833e6b8d087f","btnSamplePopupSelectPopup_DEMO":"24238e27-66c9-4e22-8a8d-10fd7a6fc0a7","lblPopupHiddenEasingComponent_DEMO":"d3d77d22-d09b-4972-9142-30e16ef41fc3","btnSamplePopupSelectEasingTitle_DEMO":"8becffa3-6bbc-4c40-a8b2-452a90f51d85","lblSamplePopupEasingComponentName_DEMO":"ba6ce245-6078-43fd-b353-e8d8b2bec28d","cmpPASamplePopupEasingAnimation_DEMO":"931c1d0a-fe21-4f46-88f3-d2a421b2e5f9","btnSamplePopupSelectEasing_DEMO":"e5f5ef78-b21d-4cde-b1a5-4b8ccab8f864","ctrAnimationPreview_DEMO":"5c314d1d-e24b-4040-a53a-aaee600c744f","imgAnimationPreviewGraph_DEMO":"5be7d579-4366-4f9d-90e9-f56c6852c80c","cirAnimationPreview_DEMO":"b5532727-a8e2-4b53-9ee5-1b9e456ffc37","ctrInstructions_DEMO":"d1005597-22e1-4f30-bcdd-22a25feecc74","btnInstructionsBg_DEMO":"19bbac15-a22d-4898-9bba-cabee03856db","lblInstructions_DEMO":"16abe3ba-0bef-4e37-84f2-645f5aa7db6b","htmCredits_DEMO":"35f3d148-a7b3-4f6e-90d9-76d2ca7ff511","Play":"63c31461-ea84-425a-8b27-f11ae397444e","cmpEasingAnimation_PLAY":"a3fc1514-3993-4a2b-8b4d-402f399f78c3","layReplay_DEMO":"fd8365f1-1df4-4942-9aec-b42cedc28aa2","lblReplay_DEMO":"7ae3fe11-f95f-41c5-b719-fbf2cc4538d9","ctrReplay_DEMO":"d8fd6d25-aa8e-4b9c-baf4-0744b5e72b4e","icoReplayOnSelect_DEMO":"f6120a89-8ec5-4535-86e4-7be8628e670a","icoShowCode_DEMO":"ae9ac2f3-333d-446f-8b51-0e095f56ac48","ctrShowCode_DEMO":"5333e23b-e6e3-48d5-b75f-2586b25baf06","layShowCode_DEMO":"1ed4840e-50c9-4176-bd3c-32986ff34a9a","icoShowCodeOnSelect_DEMO":"c115f356-9eac-444e-b982-b1732ee20983","lblSettings_PLAY":"6e22919d-474c-44db-9aa8-a5d814cf7348","btnPlayWithMe_PLAY":"ef01055c-8d29-46e4-a150-9bc19e111d1c"}