{"schemaVersion":"1.0","appDefinitionTemplate":{"id":"/providers/Microsoft.PowerApps/apps/","type":"Microsoft.PowerApps/apps","tags":{"primaryDeviceWidth":"1366","primaryDeviceHeight":"768","sienaVersion":"20200605T115712Z-3.20053.24.0","deviceCapabilities":"","supportsPortrait":"false","supportsLandscape":"true","primaryFormFactor":"Tablet","publisherVersion":"3.20053.24","minimumRequiredApiVersion":"2.2.0","hasComponent":"true","hasUnlockedComponent":"true","isUnifiedRootApp":"false"},"properties":{"appVersion":"2020-06-05T11:57:12Z","lifeCycleId":"Published","createdByClientVersion":{"major":3,"minor":20053,"build":24,"revision":0,"majorRevision":0,"minorRevision":0},"minClientVersion":{"major":3,"minor":20053,"build":24,"revision":0,"majorRevision":0,"minorRevision":0},"backgroundColor":"rgba(0, 176, 240, 1)","backgroundImageUri":"/17345429665379158649/Nc946b100-503a-4c24-8a9f-5a8874da961c-logoSmallFile","displayName":"ControlAnimator","description":"","commitMessage":"","appUris":{"documentUri":{"value":"/17345429665379158649/Ne82d375a-14d8-40b5-9253-f86119ea0a79-document.msapp","readonlyValue":"/17345429665379158649/Ne82d375a-14d8-40b5-9253-f86119ea0a79-document.msapp"},"imageUris":[]},"createdTime":"0001-01-01T00:00:00Z","lastModifiedTime":"0001-01-01T00:00:00Z","sharedGroupsCount":0,"sharedUsersCount":0,"icons":{"smallIconUri":"/17345429665379158649/N031d485e-688f-48dd-9135-d1083002b2e0-small.png","mediumIconUri":"/17345429665379158649/N5392d861-e00b-456f-bb28-e067b168938e-medium.png","largeIconUri":"/17345429665379158649/Nac88a1df-4d64-4eff-abb0-0c547e4b46ee-large.png","wideIconUri":"/17345429665379158649/N211605e6-c0db-4a9e-87dc-55381fdf6faf-wide.png"},"connectionReferences":{},"databaseReferences":{},"almMode":"Environment","performanceOptimizationEnabled":true,"canConsumeAppPass":true},"isAppComponentLibrary":false,"appType":"ClassicCanvasApp","appComponents":[]}}