{"schemaVersion":"1.0","appDefinitionTemplate":{"id":"/providers/Microsoft.PowerApps/apps/","type":"Microsoft.PowerApps/apps","tags":{"primaryDeviceWidth":"750","primaryDeviceHeight":"1334","supportsPortrait":"true","supportsLandscape":"true","primaryFormFactor":"Phone","showStatusBar":"true","publisherVersion":"3.24064.18","minimumRequiredApiVersion":"2.2.0","hasComponent":"false","hasUnlockedComponent":"false","isUnifiedRootApp":"false","sienaVersion":"20240704T161613Z-3.24064.18.0"},"properties":{"appVersion":"2024-07-04T16:16:13Z","lifeCycleId":"Published","createdByClientVersion":{"major":3,"minor":24064,"build":18,"revision":0,"majorRevision":0,"minorRevision":0},"minClientVersion":{"major":3,"minor":24064,"build":18,"revision":0,"majorRevision":0,"minorRevision":0},"backgroundColor":"RGBA(0,176,240,1)","backgroundImageUri":"/17847127440953916380/Neda41a26-6bc6-4a49-969c-8749f24a714d-logoSmallFile","displayName":"PricePic","description":"","commitMessage":"","appUris":{"documentUri":{"value":"/17847127440953916380/N555b8156-0a0d-4085-bbef-74ecf4bd077c-document.msapp"},"imageUris":[],"additionalUris":[{"isSolutionAware":false,"value":"/17847127440953916380/N0f4a8cc0-869c-4ddf-bee3-95d94a626165-identity.json"}]},"createdTime":"0001-01-01T00:00:00Z","lastModifiedTime":"0001-01-01T00:00:00Z","sharedGroupsCount":0,"sharedUsersCount":0,"connectionReferences":{"0a678e0e-135a-4dee-8328-fff8c1fa4098":{"id":"ae5de9f3-28b3-4651-bc7c-487195df71c4","displayName":"SharePoint","iconUri":"https://connectoricons-prod.azureedge.net/u/jayawan/releases/v1.0.1697/1.0.1697.3786/sharepointonline/icon.png","dataSources":["PricePic","PricePicCategories","PricePicSpots","PricePicItems"],"dependencies":[],"dependents":[],"parameterHints":{},"parameterHintsV2":{},"isOnPremiseConnection":false,"bypassConsent":false,"dataSets":{"https://r3dkap.sharepoint.com/sites/DEV":{"dataSources":{"PricePic":{"tableName":"268e2fc0-7299-463e-ba25-a552c0e6cc59"},"PricePicCategories":{"tableName":"649554c5-a839-41e5-a685-7e14d585c20c"},"PricePicSpots":{"tableName":"ae168e93-28ec-4471-98b7-57f95b5b54ff"},"PricePicItems":{"tableName":"63fc752d-aca2-4c5d-8d50-b37b878cef64"}}}},"apiTier":"Standard","isCustomApiConnection":false,"actions":["providers/PowerPlatform.Governance/Operations/Read","providers/PowerPlatform.Governance/Operations/Write","providers/PowerPlatform.Governance/Operations/Delete"]}},"databaseReferences":{},"almMode":"Environment","performanceOptimizationEnabled":true,"canConsumeAppPass":true,"enableModernRuntimeMode":false,"executionRestrictions":{"isTeamsOnly":false,"dataLossPreventionEvaluationResult":{"status":"Compliant","lastEvaluationDate":"2024-07-03T14:56:19.3709887Z","violations":[],"violationsByPolicy":[],"violationErrorMessage":"L’application utilise les connecteurs suivants : shared_sharepointonline."}}},"appType":"ClassicCanvasApp","appComponents":[]}}